Date,Close,Close
2014-02-18,49.40532302856445
2014-02-19,48.72429656982422
2014-02-20,48.985618591308594
2014-02-21,48.7480583190918
2014-02-24,49.05689239501953
2014-02-25,49.15192413330078
2014-02-26,49.05689239501953
2014-02-27,49.191505432128906
2014-02-28,49.75374221801758
2014-03-03,49.270694732666016
2014-03-04,49.89628982543945
2014-03-05,49.58744430541992
2014-03-06,49.90419006347656
2014-03-07,49.99130630493164
2014-03-10,49.927955627441406
2014-03-11,50.11800003051758
2014-03-12,50.06256866455078
2014-03-13,50.07048797607422
2014-03-14,50.545623779296875
2014-03-17,50.996986389160156
2014-03-18,50.9494743347168
2014-03-19,50.19718551635742
2014-03-20,50.35556411743164
2014-03-21,50.25263214111328
2014-03-24,50.13384246826172
2014-03-25,50.49812316894531
2014-03-26,50.89404296875
2014-03-27,50.72774124145508
2014-03-28,50.759429931640625
2014-03-31,51.36916732788086
2014-04-01,50.85445785522461
2014-04-02,50.917808532714844
2014-04-03,50.9019660949707
2014-04-04,50.85445785522461
2014-04-07,51.40877151489258
2014-04-08,51.97098922729492
2014-04-09,52.05019760131836
2014-04-10,52.21647262573242
2014-04-11,51.71760559082031
2014-04-14,52.15313720703125
2014-04-15,52.55699157714844
2014-04-16,53.19841003417969
2014-04-17,53.2939453125
2014-04-21,53.21432876586914
2014-04-22,52.83218765258789
2014-04-23,52.442073822021484
2014-04-24,52.887916564941406
2014-04-25,52.736656188964844
2014-04-28,54.02642059326172
2014-04-29,53.373558044433594
2014-04-30,53.580570220947266
2014-05-01,53.349693298339844
2014-05-02,53.421329498291016
2014-05-05,53.26210021972656
2014-05-06,53.110843658447266
2014-05-07,53.52484130859375
2014-05-08,53.421329498291016
2014-05-09,53.85921096801758
2014-05-12,53.49300003051758
2014-05-13,53.54871368408203
2014-05-14,53.309871673583984
2014-05-15,52.87199783325195
2014-05-16,53.27802658081055
2014-05-19,53.12676239013672
2014-05-20,52.99140930175781
2014-05-21,53.190460205078125
2014-05-22,53.03123092651367
2014-05-23,53.12676239013672
2014-05-27,53.110843658447266
2014-05-28,52.64112091064453
2014-05-29,53.27802658081055
2014-05-30,54.45634078979492
2014-06-02,54.3050651550293
2014-06-03,53.53281021118164
2014-06-04,53.906982421875
2014-06-05,54.10599136352539
2014-06-06,54.15377426147461
2014-06-09,54.48817825317383
2014-06-10,54.68721008300781
2014-06-11,54.63147735595703
2014-06-12,54.0104866027832
2014-06-13,54.02642059326172
2014-06-16,54.20951461791992
2014-06-17,54.05029296875
2014-06-18,54.719058990478516
2014-06-19,55.27634048461914
2014-06-20,54.44040298461914
2014-06-23,54.00252151489258
2014-06-24,54.098045349121094
2014-06-25,54.098045349121094
2014-06-26,54.05825424194336
2014-06-27,54.48020553588867
2014-06-30,54.28117370605469
2014-07-01,54.5200080871582
2014-07-02,54.51205825805664
2014-07-03,54.790714263916016
2014-07-07,54.82255554199219
2014-07-08,55.33208084106445
2014-07-09,55.451507568359375
2014-07-10,55.268394470214844
2014-07-11,55.34800338745117
2014-07-14,55.5629768371582
2014-07-15,55.4594612121582
2014-07-16,55.57951354980469
2014-07-17,54.89925765991211
2014-07-18,55.13935852050781
2014-07-21,55.02732849121094
2014-07-22,54.89126968383789
2014-07-23,54.55514907836914
2014-07-24,54.507137298583984
2014-07-25,54.09098434448242
2014-07-28,53.88291931152344
2014-07-29,53.106632232666016
2014-07-30,52.90657043457031
2014-07-31,50.73780822753906
2014-08-01,51.177974700927734
2014-08-04,51.025901794433594
2014-08-05,51.03391647338867
2014-08-06,51.85820388793945
2014-08-07,51.57810974121094
2014-08-08,52.16230392456055
2014-08-11,52.06626510620117
2014-08-12,51.5540885925293
2014-08-13,51.52208709716797
2014-08-14,51.38603591918945
2014-08-15,51.322025299072266
2014-08-18,51.71415328979492
2014-08-19,51.426063537597656
2014-08-20,51.75416946411133
2014-08-21,51.866207122802734
2014-08-22,51.67414855957031
2014-08-25,51.91423416137695
2014-08-26,51.8502082824707
2014-08-27,51.8822135925293
2014-08-28,51.62611770629883
2014-08-29,51.802181243896484
2014-09-02,51.5540885925293
2014-09-03,51.5540885925293
2014-09-04,51.466060638427734
2014-09-05,51.906227111816406
2014-09-08,50.92987823486328
2014-09-09,50.76182174682617
2014-09-10,51.217960357666016
2014-09-11,51.5540885925293
2014-09-12,51.60212707519531
2014-09-15,51.62611770629883
2014-09-16,52.13031005859375
2014-09-17,52.210323333740234
2014-09-18,52.2663459777832
2014-09-19,52.242340087890625
2014-09-22,52.570472717285156
2014-09-23,52.338375091552734
2014-09-24,53.00261688232422
2014-09-25,52.40239334106445
2014-09-26,52.57845687866211
2014-09-29,52.522438049316406
2014-09-30,52.19432067871094
2014-10-01,51.93022537231445
2014-10-02,51.842201232910156
2014-10-03,52.38638687133789
2014-10-06,52.234336853027344
2014-10-07,51.938236236572266
2014-10-08,52.67448425292969
2014-10-09,52.17831039428711
2014-10-10,52.250343322753906
2014-10-13,51.37002944946289
2014-10-14,51.54609680175781
2014-10-15,51.12761306762695
2014-10-16,50.78960418701172
2014-10-17,51.288543701171875
2014-10-20,51.94043731689453
2014-10-21,52.648643493652344
2014-10-22,52.56816101074219
2014-10-23,52.35086441040039
2014-10-24,52.59231185913086
2014-10-27,53.20392990112305
2014-10-28,52.946414947509766
2014-10-29,52.994686126708984
2014-10-30,53.44538116455078
2014-10-31,53.82362365722656
2014-11-03,54.250144958496094
2014-11-04,54.765193939208984
2014-11-05,54.84568786621094
2014-11-06,54.81349563598633
2014-11-07,54.765193939208984
2014-11-10,55.167598724365234
2014-11-11,55.10322952270508
2014-11-12,55.288307189941406
2014-11-13,54.95835876464844
2014-11-14,54.3708610534668
2014-11-17,54.66059875488281
2014-11-18,54.70083236694336
2014-11-19,54.95835876464844
2014-11-20,54.77324676513672
2014-11-21,54.998600006103516
2014-11-24,54.684715270996094
2014-11-25,54.99053955078125
2014-11-26,55.280277252197266
2014-11-28,56.00457000732422
2014-12-01,55.851661682128906
2014-12-02,56.22186279296875
2014-12-03,55.57802963256836
2014-12-04,55.89191436767578
2014-12-05,55.827518463134766
2014-12-08,55.88386535644531
2014-12-09,55.79533767700195
2014-12-10,55.42512893676758
2014-12-11,55.755088806152344
2014-12-12,55.18368911743164
2014-12-15,54.684715270996094
2014-12-16,54.33062744140625
2014-12-17,55.256126403808594
2014-12-18,55.91604995727539
2014-12-19,56.31843185424805
2014-12-22,56.54376983642578
2014-12-23,57.13930892944336
2014-12-24,56.7127685546875
2014-12-26,57.04273986816406
2014-12-29,56.7208251953125
2014-12-30,56.3667106628418
2014-12-31,55.68266677856445
2015-01-02,55.56193923950195
2015-01-05,55.1515007019043
2015-01-06,54.572059631347656
2015-01-07,55.006649017333984
2015-01-08,55.755088806152344
2015-01-09,55.20783233642578
2015-01-12,54.934200286865234
2015-01-13,55.31246566772461
2015-01-14,55.08711242675781
2015-01-15,54.982505798339844
2015-01-16,55.66656494140625
2015-01-20,55.4975471496582
2015-01-21,55.2952995300293
2015-01-22,56.080039978027344
2015-01-23,54.3164176940918
2015-01-26,53.628753662109375
2015-01-27,53.11910629272461
2015-01-28,52.6822395324707
2015-01-29,55.845428466796875
2015-01-30,54.623836517333984
2015-02-02,55.81309127807617
2015-02-03,55.97488021850586
2015-02-04,55.98295593261719
2015-02-05,56.46028518676758
2015-02-06,56.063873291015625
2015-02-09,55.87778854370117
2015-02-10,56.17713165283203
2015-02-11,56.20138931274414
2015-02-12,56.508792877197266
2015-02-13,56.694889068603516
2015-02-17,56.78387451171875
2015-02-18,57.0670280456543
2015-02-19,56.80004119873047
2015-02-20,56.8243293762207
2015-02-23,57.1802864074707
2015-02-24,57.447265625
2015-02-25,57.447265625
2015-02-26,57.52817153930664
2015-02-27,57.29352951049805
2015-03-02,57.447265625
2015-03-03,57.1802864074707
2015-03-04,57.1802864074707
2015-03-05,57.811309814453125
2015-03-06,56.023406982421875
2015-03-09,56.2984619140625
2015-03-10,55.335758209228516
2015-03-11,54.92316818237305
2015-03-12,55.440921783447266
2015-03-13,55.384300231933594
2015-03-16,55.837345123291016
2015-03-17,55.343841552734375
2015-03-18,55.27911376953125
2015-03-19,55.246768951416016
2015-03-20,56.27419662475586
2015-03-23,56.767696380615234
2015-03-24,56.07193374633789
2015-03-25,55.73217010498047
2015-03-26,55.610816955566406
2015-03-27,55.61891174316406
2015-03-30,56.055747985839844
2015-03-31,56.09622573852539
2015-04-01,55.89397430419922
2015-04-02,56.08814239501953
2015-04-06,56.58971405029297
2015-04-07,56.39553451538086
2015-04-08,56.549259185791016
2015-04-09,56.597808837890625
2015-04-10,56.314640045166016
2015-04-13,56.07193374633789
2015-04-14,56.330833435058594
2015-04-15,56.5330696105957
2015-04-16,56.694889068603516
2015-04-17,56.04767990112305
2015-04-20,55.384300231933594
2015-04-21,56.140865325927734
2015-04-22,56.36052322387695
2015-04-23,56.31169891357422
2015-04-24,56.271034240722656
2015-04-27,56.11647033691406
2015-04-28,55.94560241699219
2015-04-29,55.73410415649414
2015-04-30,54.73347854614258
2015-05-01,55.058895111083984
2015-05-04,55.20532989501953
2015-05-05,54.81482696533203
2015-05-06,55.14838790893555
2015-05-07,55.221588134765625
2015-05-08,55.48190689086914
2015-05-11,55.1809196472168
2015-05-12,55.221588134765625
2015-05-13,54.99379348754883
2015-05-14,55.831729888916016
2015-05-15,55.831729888916016
2015-05-18,55.815452575683594
2015-05-19,56.24662399291992
2015-05-20,56.043243408203125
2015-05-21,55.986305236816406
2015-05-22,55.7259635925293
2015-05-26,54.627723693847656
2015-05-27,54.94499588012695
2015-05-28,54.774166107177734
2015-05-29,54.334869384765625
2015-06-01,54.42436218261719
2015-06-02,54.28604507446289
2015-06-03,54.1558837890625
2015-06-04,53.627105712890625
2015-06-05,53.26914596557617
2015-06-08,53.15525817871094
2015-06-09,53.716583251953125
2015-06-10,54.56264114379883
2015-06-11,54.13962173461914
2015-06-12,53.928096771240234
2015-06-15,53.15525817871094
2015-06-16,53.67591094970703
2015-06-17,54.025726318359375
2015-06-18,54.64399719238281
2015-06-19,54.42436218261719
2015-06-22,54.70094299316406
2015-06-23,54.51383590698242
2015-06-24,54.09079360961914
2015-06-25,54.06639862060547
2015-06-26,54.09894943237305
2015-06-29,53.20406723022461
2015-06-30,53.21221923828125
2015-07-01,53.82233810424805
2015-07-02,53.82233810424805
2015-07-06,53.659637451171875
2015-07-07,54.75789260864258
2015-07-08,54.058258056640625
2015-07-09,53.83047866821289
2015-07-10,54.212825775146484
2015-07-13,54.863643646240234
2015-07-14,54.72533416748047
2015-07-15,54.432491302490234
2015-07-16,55.01007843017578
2015-07-17,54.912452697753906
2015-07-20,55.15651321411133
2015-07-21,54.763816833496094
2015-07-22,54.81291580200195
2015-07-23,54.84563064575195
2015-07-24,54.81291580200195
2015-07-27,55.05834197998047
2015-07-28,55.95006561279297
2015-07-29,56.391849517822266
2015-07-30,55.647361755371094
2015-07-31,55.647361755371094
2015-08-03,55.97461700439453
2015-08-04,55.99916076660156
2015-08-05,56.514564514160156
2015-08-06,56.162784576416016
2015-08-07,56.03187942504883
2015-08-10,56.23640441894531
2015-08-11,55.84370422363281
2015-08-12,55.63100814819336
2015-08-13,55.35286331176758
2015-08-14,55.45921325683594
2015-08-17,55.35286331176758
2015-08-18,55.377403259277344
2015-08-19,54.60020065307617
2015-08-20,53.98662185668945
2015-08-21,53.16035461425781
2015-08-24,50.68148422241211
2015-08-25,49.388877868652344
2015-08-26,50.910560607910156
2015-08-27,51.61412811279297
2015-08-28,51.826839447021484
2015-08-31,51.38506317138672
2015-09-01,50.125179290771484
2015-09-02,50.86964797973633
2015-09-03,51.47504806518555
2015-09-04,50.28062438964844
2015-09-08,51.892276763916016
2015-09-09,51.04145812988281
2015-09-10,50.66511917114258
2015-09-11,50.656951904296875
2015-09-14,50.8123893737793
2015-09-15,51.07417678833008
2015-09-16,51.59775924682617
2015-09-17,51.76138687133789
2015-09-18,51.286888122558594
2015-09-21,51.6223030090332
2015-09-22,50.853294372558594
2015-09-23,50.80421447753906
2015-09-24,50.926918029785156
2015-09-25,51.65503692626953
2015-09-28,50.853294372558594
2015-09-29,51.59775924682617
2015-09-30,51.91682434082031
2015-10-01,52.12953567504883
2015-10-02,52.5876579284668
2015-10-05,53.46304702758789
2015-10-06,53.00490188598633
2015-10-07,53.46304702758789
2015-10-08,53.912994384765625
2015-10-09,54.272953033447266
2015-10-12,54.1993408203125
2015-10-13,53.97026443481445
2015-10-14,53.790283203125
2015-10-15,54.461124420166016
2015-10-16,54.91108703613281
2015-10-19,55.017425537109375
2015-10-20,54.86199951171875
2015-10-21,54.98540496826172
2015-10-22,56.474605560302734
2015-10-23,56.7214469909668
2015-10-26,56.54045104980469
2015-10-27,56.72967529296875
2015-10-28,56.630943298339844
2015-10-29,56.960044860839844
2015-10-30,54.59048080444336
2015-11-02,55.52842712402344
2015-11-03,55.94804763793945
2015-11-04,55.520198822021484
2015-11-05,55.61893081665039
2015-11-06,54.1544189453125
2015-11-09,54.11326599121094
2015-11-10,54.61515426635742
2015-11-11,54.672752380371094
2015-11-12,53.701900482177734
2015-11-13,53.117733001708984
2015-11-16,53.94872283935547
2015-11-17,53.743038177490234
2015-11-18,54.35188293457031
2015-11-19,54.61515426635742
2015-11-20,54.38479232788086
2015-11-23,55.0347900390625
2015-11-24,54.97718811035156
2015-11-25,54.65630340576172
2015-11-27,54.76326370239258
2015-11-30,54.03923797607422
2015-12-01,54.16265106201172
2015-12-02,54.03923797607422
2015-12-03,53.95695495605469
2015-12-04,54.582244873046875
2015-12-07,54.582244873046875
2015-12-08,54.450626373291016
2015-12-09,54.36833953857422
2015-12-10,54.40947341918945
2015-12-11,53.65254211425781
2015-12-14,54.17908477783203
2015-12-15,54.927818298339844
2015-12-16,56.21953582763672
2015-12-17,55.39680480957031
2015-12-18,53.94872283935547
2015-12-21,54.28606033325195
2015-12-22,54.779720306396484
2015-12-23,55.256927490234375
2015-12-24,55.11704635620117
2015-12-28,55.0347900390625
2015-12-29,55.66007614135742
2015-12-30,55.56134796142578
2015-12-31,54.81262969970703
2016-01-04,53.24114227294922
2016-01-05,53.47975158691406
2016-01-06,52.772178649902344
2016-01-07,51.84244155883789
2016-01-08,51.46397018432617
2016-01-11,51.67789840698242
2016-01-12,52.146873474121094
2016-01-13,51.760162353515625
2016-01-14,52.27029037475586
2016-01-15,52.1221923828125
2016-01-19,52.895591735839844
2016-01-20,51.38169860839844
2016-01-21,52.68962097167969
2016-01-22,53.48432922363281
2016-01-25,52.92140579223633
2016-01-26,53.252532958984375
2016-01-27,53.22770690917969
2016-01-28,53.823707580566406
2016-01-29,55.90150451660156
2016-02-01,54.80051803588867
2016-02-02,54.105159759521484
2016-02-03,54.65979766845703
2016-02-04,54.62668228149414
2016-02-05,54.79225158691406
2016-02-08,54.69291305541992
2016-02-09,54.53562927246094
2016-02-10,54.47767639160156
2016-02-11,53.343589782714844
2016-02-12,54.38660430908203
2016-02-16,54.47767639160156
2016-02-17,55.51242446899414
2016-02-18,55.64488983154297
2016-02-19,55.843563079833984
2016-02-22,55.96772766113281
2016-02-23,55.628318786621094
2016-02-24,54.89984130859375
2016-02-25,55.8104248046875
2016-02-26,54.86674118041992
2016-02-29,54.33694076538086
2016-03-01,55.7359504699707
2016-03-02,55.52898406982422
2016-03-03,55.96772766113281
2016-03-04,56.42301559448242
2016-03-07,55.934608459472656
2016-03-08,55.90150451660156
2016-03-09,56.274009704589844
2016-03-10,56.48097229003906
2016-03-11,56.59685516357422
2016-03-14,56.489234924316406
2016-03-15,56.77896499633789
2016-03-16,56.853477478027344
2016-03-17,57.83027267456055
2016-03-18,58.34352111816406
2016-03-21,58.30213165283203
2016-03-22,57.58194351196289
2016-03-23,57.78060531616211
2016-03-24,57.87166213989258
2016-03-28,57.87166213989258
2016-03-29,58.36836624145508
2016-03-30,58.54217529296875
2016-03-31,58.48423767089844
2016-04-01,58.939537048339844
2016-04-04,58.90641784667969
2016-04-05,58.88986587524414
2016-04-06,59.11338806152344
2016-04-07,58.47595977783203
2016-04-08,58.8319206237793
2016-04-11,58.72430419921875
2016-04-12,58.964378356933594
2016-04-13,58.63326644897461
2016-04-14,58.6083984375
2016-04-15,58.98092269897461
2016-04-18,59.03887176513672
2016-04-19,59.32032775878906
2016-04-20,58.52128601074219
2016-04-21,57.414283752441406
2016-04-22,57.480865478515625
2016-04-25,57.78050231933594
2016-04-26,57.39764404296875
2016-04-27,57.68894958496094
2016-04-28,59.2287712097168
2016-04-29,59.02902603149414
2016-05-02,60.23590850830078
2016-05-03,59.803070068359375
2016-05-04,59.828033447265625
2016-05-05,59.48678970336914
2016-05-06,59.77810287475586
2016-05-09,59.728172302246094
2016-05-10,60.09440612792969
2016-05-11,59.91128921508789
2016-05-12,60.46892166137695
2016-05-13,59.653263092041016
2016-05-16,59.9445915222168
2016-05-17,58.970726013183594
2016-05-18,58.37146759033203
2016-05-19,58.62117004394531
2016-05-20,58.279911041259766
2016-05-23,58.32984161376953
2016-05-24,58.987403869628906
2016-05-25,58.82093048095703
2016-05-26,58.67110061645508
2016-05-27,58.75434494018555
2016-05-31,58.604522705078125
2016-06-01,59.26205825805664
2016-06-02,59.445167541503906
2016-06-03,59.59499740600586
2016-06-06,59.79475402832031
2016-06-07,59.586669921875
2016-06-08,59.927921295166016
2016-06-09,60.2109260559082
2016-06-10,60.02781677246094
2016-06-13,59.653263092041016
2016-06-14,60.00283432006836
2016-06-15,59.69489288330078
2016-06-16,59.927921295166016
2016-06-17,59.461830139160156
2016-06-20,59.62831115722656
2016-06-21,59.76145553588867
2016-06-22,60.13600540161133
2016-06-23,60.4855842590332
2016-06-24,58.74601745605469
2016-06-27,58.25493240356445
2016-06-28,59.203800201416016
2016-06-29,59.8114013671875
2016-06-30,60.92672348022461
2016-07-01,60.718631744384766
2016-07-05,60.99330139160156
2016-07-06,60.99330139160156
2016-07-07,61.09318923950195
2016-07-08,61.80066680908203
2016-07-11,62.00044250488281
2016-07-12,61.55094909667969
2016-07-13,61.983787536621094
2016-07-14,62.18355178833008
2016-07-15,62.191871643066406
2016-07-18,62.008750915527344
2016-07-19,62.058685302734375
2016-07-20,62.01687240600586
2016-07-21,61.80769729614258
2016-07-22,62.42686462402344
2016-07-25,62.10891342163086
2016-07-26,61.89972686767578
2016-07-27,61.31401062011719
2016-07-28,61.28892135620117
2016-07-29,62.27625274658203
2016-08-01,62.84520721435547
2016-08-02,62.64439392089844
2016-08-03,61.9833984375
2016-08-04,62.569087982177734
2016-08-05,62.40174865722656
2016-08-08,62.27625274658203
2016-08-09,62.569087982177734
2016-08-10,62.61928176879883
2016-08-11,62.6611328125
2016-08-12,62.72807693481445
2016-08-15,62.51051330566406
2016-08-16,62.184181213378906
2016-08-17,62.40174865722656
2016-08-18,62.410118103027344
2016-08-19,62.32644271850586
2016-08-22,62.334808349609375
2016-08-23,62.36826705932617
2016-08-24,62.217674255371094
2016-08-25,62.44359588623047
2016-08-26,62.30970001220703
2016-08-29,62.59417724609375
2016-08-30,62.334808349609375
2016-08-31,62.2009391784668
2016-09-01,62.142364501953125
2016-09-02,62.6611328125
2016-09-06,62.97907638549805
2016-09-07,61.71565628051758
2016-09-08,61.071380615234375
2016-09-09,59.28921890258789
2016-09-12,60.89565658569336
2016-09-13,60.109161376953125
2016-09-14,60.11752700805664
2016-09-15,60.326717376708984
2016-09-16,60.209564208984375
2016-09-19,60.40201950073242
2016-09-20,60.644657135009766
2016-09-21,61.07973861694336
2016-09-22,61.5232048034668
2016-09-23,61.28892135620117
2016-09-26,61.171791076660156
2016-09-27,61.46461486816406
2016-09-28,61.58175277709961
2016-09-29,61.32239532470703
2016-09-30,62.033599853515625
2016-10-03,61.5985107421875
2016-10-04,60.91241455078125
2016-10-05,61.054649353027344
2016-10-06,61.31401062011719
2016-10-07,61.12158203125
2016-10-10,60.75341796875
2016-10-11,60.41039276123047
2016-10-12,60.60281753540039
2016-10-13,60.37689971923828
2016-10-14,60.502410888671875
2016-10-17,60.309993743896484
2016-10-18,60.184471130371094
2016-10-19,59.99201202392578
2016-10-20,59.663936614990234
2016-10-21,59.663936614990234
2016-10-24,59.75647735595703
2016-10-25,59.99201965332031
2016-10-26,59.949951171875
2016-10-27,59.36947250366211
2016-10-28,59.874244689941406
2016-10-31,60.03409194946289
2016-11-01,59.72282791137695
2016-11-02,59.882667541503906
2016-11-03,59.36947250366211
2016-11-04,58.52818298339844
2016-11-07,59.34423828125
2016-11-08,60.22758102416992
2016-11-09,59.20123291015625
2016-11-10,56.53434371948242
2016-11-11,56.71943283081055
2016-11-14,56.01274871826172
2016-11-15,56.02115249633789
2016-11-16,56.14735412597656
2016-11-17,55.516395568847656
2016-11-18,55.40703582763672
2016-11-21,55.70988464355469
2016-11-22,55.80243682861328
2016-11-23,55.516395568847656
2016-11-25,55.970680236816406
2016-11-28,55.886558532714844
2016-11-29,55.970680236816406
2016-11-30,54.877010345458984
2016-12-01,54.75081253051758
2016-12-02,54.44796371459961
2016-12-05,54.37223815917969
2016-12-06,54.70874786376953
2016-12-07,55.465911865234375
2016-12-08,55.27241897583008
2016-12-09,55.768775939941406
2016-12-12,56.155765533447266
2016-12-13,56.273555755615234
2016-12-14,55.4490966796875
2016-12-15,55.718299865722656
2016-12-16,55.718299865722656
2016-12-19,55.57528305053711
2016-12-20,55.85291290283203
2016-12-21,55.566864013671875
2016-12-22,55.836090087890625
2016-12-23,55.751949310302734
2016-12-27,55.53321838378906
2016-12-28,55.19670486450195
2016-12-29,55.4322624206543
2016-12-30,55.053680419921875
2017-01-03,55.1378059387207
2017-01-04,55.74354934692383
2017-01-05,56.23988342285156
2017-01-06,56.668949127197266
2017-01-09,55.87813186645508
2017-01-10,55.01161575317383
2017-01-11,54.94430923461914
2017-01-12,55.39860916137695
2017-01-13,55.423851013183594
2017-01-17,56.4502067565918
2017-01-18,57.089603424072266
2017-01-19,56.72575378417969
2017-01-20,57.49574661254883
2017-01-23,57.15728759765625
2017-01-24,57.75804138183594
2017-01-25,57.90190505981445
2017-01-26,57.741127014160156
2017-01-27,54.72884750366211
2017-01-30,54.60191345214844
2017-01-31,54.644229888916016
2017-02-01,54.76268768310547
2017-02-02,55.57500457763672
2017-02-03,55.82037353515625
2017-02-06,55.414215087890625
2017-02-07,56.31958770751953
2017-02-08,56.3449821472168
2017-02-09,56.35343933105469
2017-02-10,57.30112838745117
2017-02-13,57.29267501831055
2017-02-14,57.31803512573242
2017-02-15,58.054203033447266
2017-02-16,58.38418960571289
2017-02-17,60.90573501586914
2017-02-21,61.921119689941406
2017-02-22,62.18341064453125
2017-02-23,62.98725128173828
2017-02-24,62.06494140625
2017-02-27,61.472633361816406
2017-02-28,61.75187683105469
2017-03-01,62.15802001953125
2017-03-02,62.39493179321289
2017-03-03,62.26801300048828
2017-03-06,62.437252044677734
2017-03-07,62.378028869628906
2017-03-08,61.90415573120117
2017-03-09,62.08185958862305
2017-03-10,62.834957122802734
2017-03-13,62.53032302856445
2017-03-14,62.318790435791016
2017-03-15,62.56415939331055
2017-03-16,62.53032302856445
2017-03-17,62.581085205078125
2017-03-20,62.44572067260742
2017-03-21,62.36110305786133
2017-03-22,62.34415817260742
2017-03-23,62.5472526550293
2017-03-24,62.3357048034668
2017-03-27,62.13261413574219
2017-03-28,62.42034912109375
2017-03-29,62.24264144897461
2017-03-30,61.96341323852539
2017-03-31,61.9295654296875
2017-04-03,62.08185958862305
2017-04-04,62.293399810791016
2017-04-05,62.15802001953125
2017-04-06,61.87879943847656
2017-04-07,62.1495475769043
2017-04-10,62.38648986816406
2017-04-11,62.36110305786133
2017-04-12,62.614933013916016
2017-04-13,62.32725524902344
2017-04-17,62.67416000366211
2017-04-18,62.92802047729492
2017-04-19,62.434608459472656
2017-04-20,62.25595474243164
2017-04-21,62.11982345581055
2017-04-24,62.6642951965332
2017-04-25,63.14069747924805
2017-04-26,62.52816390991211
2017-04-27,62.35802459716797
2017-04-28,61.28611373901367
2017-05-01,61.08195495605469
2017-05-02,60.19719314575195
2017-05-03,60.46942138671875
2017-05-04,61.20954132080078
2017-05-05,61.09044647216797
2017-05-08,61.115966796875
2017-05-09,60.826717376708984
2017-05-10,61.08195495605469
2017-05-11,60.928802490234375
2017-05-12,60.61405944824219
2017-05-15,60.954341888427734
2017-05-16,60.89479446411133
2017-05-17,64.39125061035156
2017-05-18,62.89397430419922
2017-05-19,63.651119232177734
2017-05-22,63.19174575805664
2017-05-23,62.817413330078125
2017-05-24,63.46395492553711
2017-05-25,64.1190185546875
2017-05-26,64.18708801269531
2017-05-30,64.73152923583984
2017-05-31,64.96122741699219
2017-06-01,65.24197387695312
2017-06-02,65.59927368164062
2017-06-05,65.70138549804688
2017-06-06,65.50569152832031
2017-06-07,65.641845703125
2017-06-08,64.47634887695312
2017-06-09,64.45931243896484
2017-06-12,64.27214050292969
2017-06-13,64.39125061035156
2017-06-14,64.5528793334961
2017-06-15,64.95271301269531
2017-06-16,64.91871643066406
2017-06-19,65.4206314086914
2017-06-20,64.95271301269531
2017-06-21,64.38272857666016
2017-06-22,64.2551498413086
2017-06-23,64.58690643310547
2017-06-26,64.56140899658203
2017-06-27,64.1190185546875
2017-06-28,63.880821228027344
2017-06-29,63.05561447143555
2017-06-30,63.064117431640625
2017-07-03,62.90248107910156
2017-07-05,62.749366760253906
2017-07-06,62.48562240600586
2017-07-07,62.39204406738281
2017-07-10,62.170875549316406
2017-07-11,61.59236145019531
2017-07-12,61.49028396606445
2017-07-13,61.4477653503418
2017-07-14,62.01233673095703
2017-07-17,62.09791564941406
2017-07-18,62.03801727294922
2017-07-19,62.01233673095703
2017-07-20,61.670169830322266
2017-07-21,62.67961502075195
2017-07-24,61.46486282348633
2017-07-25,61.635963439941406
2017-07-26,62.448631286621094
2017-07-27,62.405879974365234
2017-07-28,62.05513000488281
2017-07-31,61.76427459716797
2017-08-01,61.33652877807617
2017-08-02,61.26810073852539
2017-08-03,61.25100326538086
2017-08-04,61.14834976196289
2017-08-07,61.370765686035156
2017-08-08,61.33652877807617
2017-08-09,61.225318908691406
2017-08-10,61.20822525024414
2017-08-11,60.96013259887695
2017-08-14,61.122676849365234
2017-08-15,61.42210006713867
2017-08-16,61.53329849243164
2017-08-17,60.99435806274414
2017-08-18,60.754825592041016
2017-08-21,61.259552001953125
2017-08-22,61.285240173339844
2017-08-23,60.92591857910156
2017-08-24,60.54951858520508
2017-08-25,60.866031646728516
2017-08-28,60.65217971801758
2017-08-29,60.99435806274414
2017-08-30,60.694950103759766
2017-08-31,61.285240173339844
2017-09-01,60.99435806274414
2017-09-05,60.83180236816406
2017-09-06,61.15690231323242
2017-09-07,61.216800689697266
2017-09-08,61.43918228149414
2017-09-11,61.61029052734375
2017-09-12,61.55039978027344
2017-09-13,61.29378128051758
2017-09-14,61.71296310424805
2017-09-15,61.832706451416016
2017-09-18,61.92682647705078
2017-09-19,62.28611373901367
2017-09-20,62.06369400024414
2017-09-21,61.05424499511719
2017-09-22,60.90026092529297
2017-09-25,62.448631286621094
2017-09-26,62.78228759765625
2017-09-27,62.51708984375
2017-09-28,62.57696533203125
2017-09-29,62.320308685302734
2017-10-02,62.405879974365234
2017-10-03,61.969581604003906
2017-10-04,62.345977783203125
2017-10-05,62.62828063964844
2017-10-06,62.20911407470703
2017-10-09,61.901161193847656
2017-10-10,62.363094329833984
2017-10-11,63.92858123779297
2017-10-12,64.29644775390625
2017-10-13,65.0064697265625
2017-10-16,64.8011474609375
2017-10-17,64.1253433227539
2017-10-18,63.680519104003906
2017-10-19,62.56842041015625
2017-10-20,62.20713806152344
2017-10-23,62.095306396484375
2017-10-24,61.79425048828125
2017-10-25,61.4329948425293
2017-10-26,61.25236511230469
2017-10-27,60.55561828613281
2017-10-30,59.52342987060547
2017-10-31,60.5986213684082
2017-11-01,60.69325256347656
2017-11-02,61.020111083984375
2017-11-03,60.340572357177734
2017-11-06,60.42658996582031
2017-11-07,60.9857063293457
2017-11-08,63.024295806884766
2017-11-09,62.714637756347656
2017-11-10,62.97267150878906
2017-11-13,63.394168853759766
2017-11-14,63.18770980834961
2017-11-15,62.34476089477539
2017-11-16,62.47379684448242
2017-11-17,61.8372802734375
2017-11-20,61.99209976196289
2017-11-21,62.121124267578125
2017-11-22,61.71683883666992
2017-11-24,61.94049072265625
2017-11-27,61.9318962097168
2017-11-28,62.58561325073242
2017-11-29,61.94049072265625
2017-11-30,62.31895446777344
2017-12-01,62.826454162597656
2017-12-04,64.0995101928711
2017-12-05,64.15969848632812
2017-12-06,63.86725616455078
2017-12-07,62.96408462524414
2017-12-08,63.06728744506836
2017-12-11,62.93830108642578
2017-12-12,62.35334014892578
2017-12-13,63.093109130859375
2017-12-14,62.99848556518555
2017-12-15,63.69522476196289
2017-12-18,63.643611907958984
2017-12-19,64.38336181640625
2017-12-20,64.0995101928711
2017-12-21,64.21991729736328
2017-12-22,64.64139556884766
2017-12-26,64.9252700805664
2017-12-27,64.83063507080078
2017-12-28,64.63280487060547
2017-12-29,64.89945983886719
2018-01-02,64.63280487060547
2018-01-03,64.38336181640625
2018-01-04,64.79623413085938
2018-01-05,64.8736572265625
2018-01-08,64.9682846069336
2018-01-09,65.0628890991211
2018-01-10,64.3575439453125
2018-01-11,64.12530517578125
2018-01-12,64.18551635742188
2018-01-16,64.8736572265625
2018-01-17,65.95746612548828
2018-01-18,65.9144058227539
2018-01-19,66.66278839111328
2018-01-22,66.90487670898438
2018-01-23,66.48985290527344
2018-01-24,66.40339660644531
2018-01-25,66.84436798095703
2018-01-26,63.60199737548828
2018-01-29,63.800880432128906
2018-01-30,64.56173706054688
2018-01-31,64.18995666503906
2018-02-01,63.40315246582031
2018-02-02,62.62498474121094
2018-02-05,60.35965347290039
2018-02-06,60.87843704223633
2018-02-07,60.670921325683594
2018-02-08,59.6160774230957
2018-02-09,60.316444396972656
2018-02-12,60.6882209777832
2018-02-13,60.783329010009766
2018-02-14,60.19538116455078
2018-02-15,61.57878875732422
2018-02-16,61.78628921508789
2018-02-20,60.549869537353516
2018-02-21,59.78034591674805
2018-02-22,59.99652862548828
2018-02-23,60.783329010009766
2018-02-26,61.4490852355957
2018-02-27,60.45476150512695
2018-02-28,59.63337326049805
2018-03-01,59.53826141357422
2018-03-02,59.89276123046875
2018-03-05,60.58445739746094
2018-03-06,60.21266174316406
2018-03-07,60.24726104736328
2018-03-08,61.40585708618164
2018-03-09,61.59607696533203
2018-03-12,61.457725524902344
2018-03-13,61.27617263793945
2018-03-14,60.51527404785156
2018-03-15,60.14350891113281
2018-03-16,60.19538116455078
2018-03-19,60.57581329345703
2018-03-20,60.255924224853516
2018-03-21,59.391265869140625
2018-03-22,59.50368118286133
2018-03-23,59.12324142456055
2018-03-26,58.958980560302734
2018-03-27,59.90138626098633
2018-03-28,61.21563720703125
2018-03-29,61.97651290893555
2018-04-02,60.65363693237305
2018-04-03,61.345333099365234
2018-04-04,61.9505615234375
2018-04-05,62.088905334472656
2018-04-06,61.941932678222656
2018-04-09,61.751705169677734
2018-04-10,62.01972579956055
2018-04-11,61.71712875366211
2018-04-12,61.33669662475586
2018-04-13,61.90733337402344
2018-04-16,62.63361740112305
2018-04-17,62.45204544067383
2018-04-18,62.32237243652344
2018-04-19,60.67864227294922
2018-04-20,58.721824645996094
2018-04-23,57.721683502197266
2018-04-24,57.94779586791992
2018-04-25,57.75646209716797
2018-04-26,57.913002014160156
2018-04-27,57.90431594848633
2018-04-30,56.730224609375
2018-05-01,56.530189514160156
2018-05-02,54.91255569458008
2018-05-03,55.069095611572266
2018-05-04,55.40828323364258
2018-05-07,54.634246826171875
2018-05-08,54.16462326049805
2018-05-09,53.84282302856445
2018-05-10,54.33855438232422
2018-05-11,54.5385856628418
2018-05-14,53.955894470214844
2018-05-15,53.6167106628418
2018-05-16,53.99937438964844
2018-05-17,54.17331314086914
2018-05-18,54.11243438720703
2018-05-21,54.13853073120117
2018-05-22,54.27767562866211
2018-05-23,54.54729461669922
2018-05-24,54.34725570678711
2018-05-25,55.44306945800781
2018-05-29,55.27783966064453
2018-05-30,55.99967575073242
2018-05-31,54.86907196044922
2018-06-01,54.52119064331055
2018-06-04,54.5385856628418
2018-06-05,54.17331314086914
2018-06-06,54.41683578491211
2018-06-07,54.58207321166992
2018-06-08,55.08649444580078
2018-06-11,55.44306945800781
2018-06-12,55.425682067871094
2018-06-13,54.84298324584961
2018-06-14,55.06040954589844
2018-06-15,56.295379638671875
2018-06-18,55.06040954589844
2018-06-19,55.660491943359375
2018-06-20,55.573516845703125
2018-06-21,55.21694564819336
2018-06-22,56.20839309692383
2018-06-25,56.6258659362793
2018-06-26,56.65194320678711
2018-06-27,56.27796936035156
2018-06-28,56.46931838989258
2018-06-29,56.36494827270508
2018-07-02,56.164913177490234
2018-07-03,56.243202209472656
2018-07-05,57.36510467529297
2018-07-06,57.20854568481445
2018-07-09,56.530189514160156
2018-07-10,57.16507339477539
2018-07-11,56.73890686035156
2018-07-12,56.678035736083984
2018-07-13,57.18246841430664
2018-07-16,57.069400787353516
2018-07-17,57.38450241088867
2018-07-18,56.72803497314453
2018-07-19,57.55081558227539
2018-07-20,57.72587585449219
2018-07-23,57.62958526611328
2018-07-24,57.13066482543945
2018-07-25,57.72587585449219
2018-07-26,58.59241485595703
2018-07-27,58.34734344482422
2018-07-30,58.172264099121094
2018-07-31,58.65367889404297
2018-08-01,57.839656829833984
2018-08-02,58.85501480102539
2018-08-03,59.08258056640625
2018-08-06,58.97755813598633
2018-08-07,58.846256256103516
2018-08-08,58.28605651855469
2018-08-09,57.7083625793457
2018-08-10,57.27071762084961
2018-08-13,57.37574768066406
2018-08-14,57.34950256347656
2018-08-15,57.6208381652832
2018-08-16,58.399845123291016
2018-08-17,59.08258056640625
2018-08-20,59.222633361816406
2018-08-21,58.99504470825195
2018-08-22,58.63618087768555
2018-08-23,58.2685546875
2018-08-24,58.539894104003906
2018-08-27,58.72370529174805
2018-08-28,58.452369689941406
2018-08-29,58.60992431640625
2018-08-30,57.979705810546875
2018-08-31,58.12851333618164
2018-09-04,57.09566116333008
2018-09-05,58.28605651855469
2018-09-06,58.644935607910156
2018-09-07,58.65367889404297
2018-09-10,58.78498458862305
2018-09-11,58.802490234375
2018-09-12,59.502723693847656
2018-09-13,59.66028594970703
2018-09-14,59.511470794677734
2018-09-17,60.22922897338867
2018-09-18,59.74779510498047
2018-09-19,59.45896530151367
2018-09-20,60.21171951293945
2018-09-21,60.47429275512695
2018-09-24,59.46772003173828
2018-09-25,58.7674674987793
2018-09-26,58.73247528076172
2018-09-27,58.40860366821289
2018-09-28,58.60116195678711
2018-10-01,58.70619201660156
2018-10-02,58.986297607421875
2018-10-03,57.699623107910156
2018-10-04,56.824310302734375
2018-10-05,56.6405029296875
2018-10-08,57.2006950378418
2018-10-09,56.95560836791992
2018-10-10,55.870243072509766
2018-10-11,54.574798583984375
2018-10-12,54.74110794067383
2018-10-15,54.74986267089844
2018-10-16,54.80238723754883
2018-10-17,55.62516403198242
2018-10-18,55.19341278076172
2018-10-19,56.849910736083984
2018-10-22,56.07453155517578
2018-10-23,55.86306381225586
2018-10-24,56.955650329589844
2018-10-25,56.23313522338867
2018-10-26,52.49717330932617
2018-10-29,50.9992790222168
2018-10-30,53.034671783447266
2018-10-31,52.470741271972656
2018-11-01,52.937744140625
2018-11-02,53.12277603149414
2018-11-05,53.069908142089844
2018-11-06,53.31662368774414
2018-11-07,54.03915023803711
2018-11-08,53.66026306152344
2018-11-09,56.215511322021484
2018-11-12,54.0567626953125
2018-11-13,54.506134033203125
2018-11-14,55.04362106323242
2018-11-15,54.98194122314453
2018-11-16,55.72208023071289
2018-11-19,55.307952880859375
2018-11-20,54.90263748168945
2018-11-21,54.55900573730469
2018-11-23,54.435638427734375
2018-11-26,55.281524658203125
2018-11-27,55.72208023071289
2018-11-28,55.36082077026367
2018-11-29,55.54586410522461
2018-11-30,55.96879577636719
2018-12-03,56.180259704589844
2018-12-04,55.58110427856445
2018-12-06,55.71327209472656
2018-12-07,55.25508499145508
2018-12-10,55.986412048339844
2018-12-11,56.87635040283203
2018-12-12,57.51956558227539
2018-12-13,57.686973571777344
2018-12-14,57.422645568847656
2018-12-17,55.44012451171875
2018-12-18,55.03480529785156
2018-12-19,54.52376174926758
2018-12-20,53.73074722290039
2018-12-21,52.7879524230957
2018-12-24,51.140254974365234
2018-12-26,52.338584899902344
2018-12-27,52.59410095214844
2018-12-28,52.53242111206055
2018-12-31,52.444313049316406
2019-01-02,52.2064094543457
2019-01-03,51.959693908691406
2019-01-04,52.444313049316406
2019-01-07,52.76151657104492
2019-01-08,53.351863861083984
2019-01-09,54.0127067565918
2019-01-10,54.47088623046875
2019-01-11,54.71760940551758
2019-01-14,54.285850524902344
2019-01-15,54.82334899902344
2019-01-16,54.74403762817383
2019-01-17,54.629493713378906
2019-01-18,55.184593200683594
2019-01-22,54.76768112182617
2019-01-23,55.30878829956055
2019-01-24,55.17572784423828
2019-01-25,54.856388092041016
2019-01-28,55.65474319458008
2019-01-29,56.497459411621094
2019-01-30,56.72809982299805
2019-01-31,57.37565231323242
2019-02-01,57.70387649536133
2019-02-04,57.82807159423828
2019-02-05,57.42888641357422
2019-02-06,57.95225143432617
2019-02-07,57.70387649536133
2019-02-08,58.2716064453125
2019-02-11,58.36030197143555
2019-02-12,58.564327239990234
2019-02-13,58.49337387084961
2019-02-14,58.0587043762207
2019-02-15,58.97239303588867
2019-02-19,59.1852912902832
2019-02-20,58.998992919921875
2019-02-21,59.16753387451172
2019-02-22,59.344940185546875
2019-02-25,59.00785446166992
2019-02-26,58.98126220703125
2019-02-27,58.431278228759766
2019-02-28,58.431278228759766
2019-03-01,58.54659652709961
2019-03-04,58.57320022583008
2019-03-05,58.29820251464844
2019-03-06,58.200626373291016
2019-03-07,57.961124420166016
2019-03-08,57.96998977661133
2019-03-11,58.41353225708008
2019-03-12,58.315948486328125
2019-03-13,59.00785446166992
2019-03-14,58.76836395263672
2019-03-15,59.61107635498047
2019-03-18,58.8038444519043
2019-03-19,58.32481384277344
2019-03-20,57.75709915161133
2019-03-21,58.39579391479492
2019-03-22,58.54659652709961
2019-03-25,58.77724075317383
2019-03-26,59.362693786621094
2019-03-27,59.442527770996094
2019-03-28,59.76188278198242
2019-03-29,60.799747467041016
2019-04-01,60.586849212646484
2019-04-02,60.64894485473633
2019-04-03,60.16105270385742
2019-04-04,59.92156219482422
2019-04-05,60.24974822998047
2019-04-08,60.33847427368164
2019-04-09,60.418312072753906
2019-04-10,60.418312072753906
2019-04-11,60.40056610107422
2019-04-12,61.0037727355957
2019-04-15,60.95054244995117
2019-04-16,61.2432861328125
2019-04-17,61.30575942993164
2019-04-18,61.90382766723633
2019-04-22,62.12697982788086
2019-04-23,61.60033416748047
2019-04-24,61.4664306640625
2019-04-25,61.31468963623047
2019-04-26,63.64447021484375
2019-04-29,63.71586608886719
2019-04-30,64.97449493408203
2019-05-01,63.63550567626953
2019-05-02,64.10862731933594
2019-05-03,64.22466278076172
2019-05-06,63.992591857910156
2019-05-07,62.939292907714844
2019-05-08,63.36775207519531
2019-05-09,63.242774963378906
2019-05-10,63.8229866027832
2019-05-13,63.876529693603516
2019-05-14,63.51057434082031
2019-05-15,63.68014907836914
2019-05-16,64.71561431884766
2019-05-17,64.24251556396484
2019-05-20,64.00150299072266
2019-05-21,63.849769592285156
2019-05-22,63.849769592285156
2019-05-23,64.0461196899414
2019-05-24,63.55520248413086
2019-05-28,62.582237243652344
2019-05-29,62.457271575927734
2019-05-30,63.242774963378906
2019-05-31,62.14485168457031
2019-06-03,63.099952697753906
2019-06-04,63.21597671508789
2019-06-05,64.1978988647461
2019-06-06,65.2601089477539
2019-06-07,66.04563903808594
2019-06-10,65.18870544433594
2019-06-11,65.45647430419922
2019-06-12,65.20654296875
2019-06-13,64.93877410888672
2019-06-14,65.4743423461914
2019-06-17,65.52789306640625
2019-06-18,65.063720703125
2019-06-19,65.63501739501953
2019-06-20,65.697509765625
2019-06-21,65.1173095703125
2019-06-24,66.02777862548828
2019-06-25,65.97422790527344
2019-06-26,64.58171081542969
2019-06-27,64.3942642211914
2019-06-28,63.97471618652344
2019-07-01,64.34070587158203
2019-07-02,64.92984771728516
2019-07-03,66.0545425415039
2019-07-05,65.28689575195312
2019-07-08,65.50112915039062
2019-07-09,65.2601089477539
2019-07-10,65.59930419921875
2019-07-11,65.95636749267578
2019-07-12,66.39375305175781
2019-07-15,66.0545425415039
2019-07-16,66.50086975097656
2019-07-17,66.21356964111328
2019-07-18,66.33026123046875
2019-07-19,65.27088165283203
2019-07-22,64.95662689208984
2019-07-23,64.8937759399414
2019-07-24,63.99597930908203
2019-07-25,64.57955932617188
2019-07-26,66.15969848632812
2019-07-29,67.84758758544922
2019-07-30,67.1024169921875
2019-07-31,64.40896606445312
2019-08-01,63.9780158996582
2019-08-02,63.92416763305664
2019-08-05,61.769412994384766
2019-08-06,62.71210861206055
2019-08-07,63.24180221557617
2019-08-08,64.38203430175781
2019-08-09,64.21145629882812
2019-08-12,63.50220489501953
2019-08-13,64.36408996582031
2019-08-14,63.31364059448242
2019-08-15,64.0767822265625
2019-08-16,64.8937759399414
2019-08-19,65.61201477050781
2019-08-20,65.1272201538086
2019-08-21,65.1900634765625
2019-08-22,65.57611083984375
2019-08-23,64.84890747070312
2019-08-26,65.3337173461914
2019-08-27,65.93527221679688
2019-08-28,66.43802642822266
2019-08-29,66.61758422851562
2019-08-30,66.57269287109375
2019-09-03,66.7163314819336
2019-09-04,67.21912384033203
2019-09-05,66.69840240478516
2019-09-06,67.06647491455078
2019-09-09,65.71080780029297
2019-09-10,64.75012969970703
2019-09-11,65.405517578125
2019-09-12,64.90276336669922
2019-09-13,63.48421096801758
2019-09-16,62.33502197265625
2019-09-17,62.72108840942383
2019-09-18,63.520137786865234
2019-09-19,63.69969177246094
2019-09-20,63.69969177246094
2019-09-23,64.1935043334961
2019-09-24,65.08232116699219
2019-09-25,64.85786437988281
2019-09-26,65.28881072998047
2019-09-27,65.77364349365234
2019-09-30,65.99809265136719
2019-10-01,64.4000015258789
2019-10-02,63.31364059448242
2019-10-03,63.62788009643555
2019-10-04,64.70523834228516
2019-10-07,64.30123138427734
2019-10-08,63.45728302001953
2019-10-09,63.412391662597656
2019-10-10,63.5380973815918
2019-10-11,63.30466079711914
2019-10-14,62.31707000732422
2019-10-15,61.410282135009766
2019-10-16,60.916473388671875
2019-10-17,61.122982025146484
2019-10-18,61.078086853027344
2019-10-21,61.32050704956055
2019-10-22,60.588653564453125
2019-10-23,61.02234649658203
2019-10-24,61.74514389038086
2019-10-25,61.808380126953125
2019-10-28,60.85068893432617
2019-10-29,61.36565399169922
2019-10-30,61.96199417114258
2019-10-31,61.980045318603516
2019-11-01,60.3627815246582
2019-11-04,59.0978889465332
2019-11-05,59.594818115234375
2019-11-06,60.100772857666016
2019-11-07,60.4170036315918
2019-11-08,60.20016098022461
2019-11-11,60.11884307861328
2019-11-12,60.20920181274414
2019-11-13,60.42603302001953
2019-11-14,60.20920181274414
2019-11-15,59.96525955200195
2019-11-18,60.65190887451172
2019-11-19,60.67901611328125
2019-11-20,60.72418212890625
2019-11-21,60.30857849121094
2019-11-22,60.272430419921875
2019-11-25,60.51637268066406
2019-11-26,61.24821472167969
2019-11-27,61.148826599121094
2019-11-29,61.27532196044922
2019-12-02,61.04945373535156
2019-12-03,60.80549240112305
2019-12-04,61.51022720336914
2019-12-05,61.27532196044922
2019-12-06,61.65479278564453
2019-12-09,61.980045318603516
2019-12-10,61.37470626831055
2019-12-11,60.95004653930664
2019-12-12,60.74226379394531
2019-12-13,62.06135940551758
2019-12-16,62.22400665283203
2019-12-17,61.29338836669922
2019-12-18,61.68190002441406
2019-12-19,61.74514389038086
2019-12-20,62.20592498779297
2019-12-23,62.088470458984375
2019-12-24,61.93488693237305
2019-12-26,61.96199417114258
2019-12-27,62.50408935546875
2019-12-30,62.15171432495117
2019-12-31,62.19689178466797
2020-01-02,61.546382904052734
2020-01-03,61.456016540527344
2020-01-06,61.88066101074219
2020-01-07,61.03137969970703
2020-01-08,62.585391998291016
2020-01-09,63.118465423583984
2020-01-10,63.3804817199707
2020-01-13,63.37145233154297
2020-01-14,63.5069694519043
2020-01-15,63.96773147583008
2020-01-16,63.92257308959961
2020-01-17,64.31106567382812
2020-01-21,64.41045379638672
2020-01-22,64.11050415039062
2020-01-23,64.18321228027344
2020-01-24,63.90143966674805
2020-01-27,63.71961975097656
2020-01-28,63.36513137817383
2020-01-29,62.56522750854492
2020-01-30,63.14698028564453
2020-01-31,67.06468963623047
2020-02-03,68.11002349853516
2020-02-04,68.53724670410156
2020-02-05,68.83721160888672
2020-02-06,69.36441040039062
2020-02-07,69.10989379882812
2020-02-10,70.30976104736328
2020-02-11,69.18262481689453
2020-02-12,69.03718566894531
2020-02-13,69.41896057128906
2020-02-14,69.7098388671875
2020-02-18,69.14627075195312
2020-02-19,68.66450500488281
2020-02-20,68.31908416748047
2020-02-21,69.32804870605469
2020-02-24,67.64643096923828
2020-02-25,67.08287811279297
2020-02-26,66.28296661376953
2020-02-27,63.76510238647461
2020-02-28,61.419921875
2020-03-02,65.8466567993164
2020-03-03,65.24671936035156
2020-03-04,68.50997924804688
2020-03-05,65.75574493408203
2020-03-06,65.9103012084961
2020-03-09,63.619651794433594
2020-03-10,65.27399444580078
2020-03-11,62.62887191772461
2020-03-12,58.074859619140625
2020-03-13,62.81064987182617
2020-03-16,56.66594696044922
2020-03-17,63.8105354309082
2020-03-18,61.52898406982422
2020-03-19,60.583648681640625
2020-03-20,56.429603576660156
2020-03-23,54.96614456176758
2020-03-24,55.611515045166016
2020-03-25,54.438934326171875
2020-03-26,58.01123046875
2020-03-27,59.32016372680664
2020-03-30,60.52002716064453
2020-03-31,60.32004165649414
2020-04-01,59.583770751953125
2020-04-02,61.965301513671875
2020-04-03,61.46536636352539
2020-04-06,64.08322143554688
2020-04-07,62.75612258911133
2020-04-08,63.828712463378906
2020-04-09,63.54692840576172
2020-04-13,63.1651611328125
2020-04-14,66.45567321777344
2020-04-15,66.03753662109375
2020-04-16,66.21024322509766
2020-04-17,67.14305114746094
2020-04-20,65.99076843261719
2020-04-21,64.57328033447266
2020-04-22,65.12198638916016
2020-04-23,65.14027404785156
2020-04-24,65.29574584960938
2020-04-27,64.95736694335938
2020-04-28,65.0305404663086
2020-04-29,64.16175842285156
2020-04-30,64.2623519897461
2020-05-01,62.67109298706055
2020-05-04,63.53989028930664
2020-05-05,63.576473236083984
2020-05-06,62.04010009765625
2020-05-07,62.918033599853516
2020-05-08,63.43929672241211
2020-05-11,63.44844055175781
2020-05-12,62.854026794433594
2020-05-13,62.46077346801758
2020-05-14,61.3267822265625
2020-05-15,63.055198669433594
2020-05-18,64.21663665771484
2020-05-19,63.32954025268555
2020-05-20,64.44525909423828
2020-05-21,64.25320434570312
2020-05-22,64.70133209228516
2020-05-26,63.49417495727539
2020-05-27,64.55499267578125
2020-05-28,65.92676544189453
2020-05-29,66.14622497558594
2020-06-01,66.51205444335938
2020-06-02,66.246826171875
2020-06-03,65.52436828613281
2020-06-04,64.70133209228516
2020-06-05,66.21025085449219
2020-06-08,67.22534942626953
2020-06-09,67.0150146484375
2020-06-10,68.002685546875
2020-06-11,66.85039520263672
2020-06-12,66.56690979003906
2020-06-15,66.65836334228516
2020-06-16,67.2436294555664
2020-06-17,67.49971008300781
2020-06-18,67.3167953491211
2020-06-19,67.08817291259766
2020-06-22,66.85039520263672
2020-06-23,66.68579864501953
2020-06-24,65.87188720703125
2020-06-25,66.42971801757812
2020-06-26,65.40548706054688
2020-06-29,66.23768615722656
2020-06-30,66.99671936035156
2020-07-01,66.786376953125
2020-07-02,67.0150146484375
2020-07-06,67.17047882080078
2020-07-07,67.64602661132812
2020-07-08,68.12156677246094
2020-07-09,67.05159759521484
2020-07-10,67.38081359863281
2020-07-13,67.17961883544922
2020-07-14,68.45079803466797
2020-07-15,68.3044662475586
2020-07-16,68.56969451904297
2020-07-17,69.17681121826172
2020-07-20,68.25691223144531
2020-07-21,68.10972595214844
2020-07-22,68.20172882080078
2020-07-23,68.28451538085938
2020-07-24,68.36730194091797
2020-07-27,68.6708755493164
2020-07-28,69.64598083496094
2020-07-29,70.09671783447266
2020-07-30,70.71305084228516
2020-07-31,71.0166244506836
2020-08-03,70.43708801269531
2020-08-04,70.62106323242188
2020-08-05,70.07832336425781
2020-08-06,69.78394317626953
2020-08-07,70.13351440429688
2020-08-10,70.51068115234375
2020-08-11,69.87593078613281
2020-08-12,71.05341339111328
2020-08-13,70.81425476074219
2020-08-14,70.8786392211914
2020-08-17,71.02582550048828
2020-08-18,71.43058013916016
2020-08-19,71.70655059814453
2020-08-20,71.98251342773438
2020-08-21,72.38729095458984
2020-08-24,72.79202270507812
2020-08-25,72.29528045654297
2020-08-26,72.35047149658203
2020-08-27,72.7276382446289
2020-08-28,73.0128173828125
2020-08-31,72.91162872314453
2020-09-01,71.83534240722656
2020-09-02,73.10480499267578
2020-09-03,71.448974609375
2020-09-04,71.02582550048828
2020-09-08,69.58155822753906
2020-09-09,71.35698699951172
2020-09-10,70.28990936279297
2020-09-11,70.60267639160156
2020-09-14,70.97063446044922
2020-09-15,70.77745819091797
2020-09-16,70.74984741210938
2020-09-17,70.56587982177734
2020-09-18,69.75635528564453
2020-09-21,69.16761779785156
2020-09-22,69.97712707519531
2020-09-23,69.12162017822266
2020-09-24,69.69198608398438
2020-09-25,69.86675262451172
2020-09-28,70.47386169433594
2020-09-29,70.1151123046875
2020-09-30,70.97063446044922
2020-10-01,70.88783264160156
2020-10-02,71.20059967041016
2020-10-05,72.13890838623047
2020-10-06,71.32939147949219
2020-10-07,71.87213134765625
2020-10-08,72.43325805664062
2020-10-09,73.38076782226562
2020-10-12,74.1718978881836
2020-10-13,73.83152770996094
2020-10-14,73.46356201171875
2020-10-15,73.3255844116211
2020-10-16,73.87753295898438
2020-10-19,72.86563110351562
2020-10-20,73.43596649169922
2020-10-21,73.77632141113281
2020-10-22,73.34159851074219
2020-10-23,73.3878402709961
2020-10-26,72.78661346435547
2020-10-27,72.93460083007812
2020-10-28,71.09390258789062
2020-10-29,70.91815185546875
2020-10-30,72.97161102294922
2020-11-02,74.1463394165039
2020-11-03,76.8750228881836
2020-11-04,77.5687484741211
2020-11-05,76.78252410888672
2020-11-06,76.80101776123047
2020-11-09,75.64479064941406
2020-11-10,77.0970230102539
2020-11-11,78.55846405029297
2020-11-12,78.37348175048828
2020-11-13,78.95621490478516
2020-11-16,79.48346710205078
2020-11-17,78.94698333740234
2020-11-18,78.2624740600586
2020-11-19,78.9747085571289
2020-11-20,78.77120971679688
2020-11-23,78.19775390625
2020-11-24,78.35499572753906
2020-11-25,78.39199829101562
2020-11-27,78.53074645996094
2020-11-30,79.21519470214844
2020-12-01,79.78868865966797
2020-12-02,79.30770874023438
2020-12-03,78.79898071289062
2020-12-04,78.65097045898438
2020-12-07,78.98396301269531
2020-12-08,78.78046417236328
2020-12-09,78.39199829101562
2020-12-10,78.24398803710938
2020-12-11,78.32722473144531
2020-12-14,77.8740005493164
2020-12-15,78.39199829101562
2020-12-16,78.66022491455078
2020-12-17,79.23371124267578
2020-12-18,79.48346710205078
2020-12-21,78.90997314453125
2020-12-22,78.0682373046875
2020-12-23,78.09600067138672
2020-12-24,78.66022491455078
2020-12-28,79.00247192382812
2020-12-29,78.65097045898438
2020-12-30,78.37348175048828
2020-12-31,79.09498596191406
2021-01-04,78.00348663330078
2021-01-05,78.17923736572266
2021-01-06,76.07952117919922
2021-01-07,75.66329956054688
2021-01-08,76.17204284667969
2021-01-11,75.97779846191406
2021-01-12,76.08878326416016
2021-01-13,76.30152893066406
2021-01-14,75.79278564453125
2021-01-15,75.73728942871094
2021-01-19,74.7845687866211
2021-01-20,74.18333435058594
2021-01-21,73.33233642578125
2021-01-22,72.72777557373047
2021-01-25,73.11840057373047
2021-01-26,73.2486343383789
2021-01-27,72.57894897460938
2021-01-28,73.62069702148438
2021-01-29,72.551025390625
2021-02-01,73.03469848632812
2021-02-02,73.3416519165039
2021-02-03,73.36954498291016
2021-02-04,73.41605377197266
2021-02-05,74.29039764404297
2021-02-08,74.13227081298828
2021-02-09,73.20211791992188
2021-02-10,73.58350372314453
2021-02-11,72.93240356445312
2021-02-12,72.95098114013672
2021-02-16,72.72777557373047
2021-02-17,72.96029663085938
2021-02-18,73.22073364257812
2021-02-19,71.80692291259766
2021-02-22,71.87202453613281
2021-02-23,72.07666015625
2021-02-24,71.28602600097656
2021-02-25,71.33253479003906
2021-02-26,69.9466323852539
2021-03-01,70.3187026977539
2021-03-02,70.1512680053711
2021-03-03,69.39785766601562
2021-03-04,69.23973083496094
2021-03-05,70.7465591430664
2021-03-08,71.10929107666016
2021-03-09,69.70480346679688
2021-03-10,70.50472259521484
2021-03-11,70.01173400878906
2021-03-12,70.23497772216797
2021-03-15,70.39311218261719
2021-03-16,70.5605239868164
2021-03-17,70.50472259521484
2021-03-18,70.75585174560547
2021-03-19,69.74200439453125
2021-03-22,70.476806640625
2021-03-23,72.3185043334961
2021-03-24,72.33709716796875
2021-03-25,72.44871520996094
2021-03-26,73.6858139038086
2021-03-29,74.31829833984375
2021-03-30,73.78813934326172
2021-03-31,73.32304382324219
2021-04-01,73.06261444091797
2021-04-05,73.9741439819336
2021-04-06,74.28108978271484
2021-04-07,74.05786895751953
2021-04-08,74.07645416259766
2021-04-09,74.2066879272461
2021-04-12,74.56013488769531
2021-04-13,74.1601791381836
2021-04-14,73.85323333740234
2021-04-15,74.83917999267578
2021-04-16,75.06240844726562
2021-04-19,74.75546264648438
2021-04-20,76.07434844970703
2021-04-21,75.90599060058594
2021-04-22,75.81243896484375
2021-04-23,74.63387298583984
2021-04-26,74.15682220458984
2021-04-27,73.48336029052734
2021-04-28,73.67977905273438
2021-04-29,74.66191864013672
2021-04-30,75.48505401611328
2021-05-03,75.83116149902344
2021-05-04,75.849853515625
2021-05-05,76.06499481201172
2021-05-06,76.99101257324219
2021-05-07,76.86942291259766
2021-05-10,77.95445251464844
2021-05-11,77.11260986328125
2021-05-12,76.7478256225586
2021-05-13,77.87963104248047
2021-05-14,78.16023254394531
2021-05-17,78.1509017944336
2021-05-18,77.73931884765625
2021-05-19,77.8328628540039
2021-05-20,78.65599822998047
2021-05-21,78.78694152832031
2021-05-24,78.94596099853516
2021-05-25,79.12368774414062
2021-05-26,78.97402954101562
2021-05-27,78.2818603515625
2021-05-28,78.36602020263672
2021-06-01,77.15003204345703
2021-06-02,77.52417755126953
2021-06-03,78.5250473022461
2021-06-04,78.54374694824219
2021-06-07,78.47828674316406
2021-06-08,77.57095336914062
2021-06-09,77.2248764038086
2021-06-10,78.19764709472656
2021-06-11,78.2257080078125
2021-06-14,78.01994323730469
2021-06-15,77.88897705078125
2021-06-16,76.65428924560547
2021-06-17,77.103271484375
2021-06-18,75.78437805175781
2021-06-21,76.17723083496094
2021-06-22,76.03693389892578
2021-06-23,75.06413269042969
2021-06-24,75.3541030883789
2021-06-25,76.19595336914062
2021-06-28,76.43914794921875
2021-06-29,75.99952697753906
2021-06-30,76.09304809570312
2021-07-01,76.45785522460938
2021-07-02,76.42044067382812
2021-07-06,76.6729965209961
2021-07-07,77.31840515136719
2021-07-08,77.01907348632812
2021-07-09,77.103271484375
2021-07-12,77.57095336914062
2021-07-13,77.2997055053711
2021-07-14,77.85157775878906
2021-07-15,78.2257080078125
2021-07-16,78.93661499023438
2021-07-19,78.54374694824219
2021-07-20,77.7632064819336
2021-07-21,77.2835922241211
2021-07-22,76.96382904052734
2021-07-23,78.31803894042969
2021-07-26,79.07979583740234
2021-07-27,78.94813537597656
2021-07-28,78.22399139404297
2021-07-29,78.54374694824219
2021-07-30,74.7632827758789
2021-08-02,74.8008804321289
2021-08-03,74.68802642822266
2021-08-04,73.5877456665039
2021-08-05,74.19901275634766
2021-08-06,73.94508361816406
2021-08-09,73.67237091064453
2021-08-10,74.03913879394531
2021-08-11,74.38709259033203
2021-08-12,74.09556579589844
2021-08-13,74.70684051513672
2021-08-16,75.0265884399414
2021-08-17,75.26168060302734
2021-08-18,73.50311279296875
2021-08-19,74.26485443115234
2021-08-20,74.10498809814453
2021-08-23,73.70999145507812
2021-08-24,73.04228210449219
2021-08-25,73.02349090576172
2021-08-26,72.70375061035156
2021-08-27,72.82600402832031
2021-08-30,73.02349090576172
2021-08-31,73.30562591552734
2021-09-01,73.66297912597656
2021-09-02,73.8416519165039
2021-09-03,73.26800537109375
2021-09-07,72.31818389892578
2021-09-08,73.145751953125
2021-09-09,72.69434356689453
2021-09-10,72.44984436035156
2021-09-13,72.76956939697266
2021-09-14,72.69434356689453
2021-09-15,72.60971069335938
2021-09-16,71.91380310058594
2021-09-17,71.68810272216797
2021-09-20,71.63166046142578
2021-09-21,71.83855438232422
2021-09-22,71.87617492675781
2021-09-23,72.10187530517578
2021-09-24,72.06425476074219
2021-09-27,71.481201171875
2021-09-28,71.30252838134766
2021-09-29,72.48745727539062
2021-09-30,71.07682037353516
2021-10-01,71.07682037353516
2021-10-04,70.58780670166016
2021-10-05,69.9859390258789
2021-10-06,70.62541961669922
2021-10-07,71.08622741699219
2021-10-08,71.08622741699219
2021-10-11,71.28372192382812
2021-10-12,71.16146087646484
2021-10-13,71.53762817382812
2021-10-14,72.03606414794922
2021-10-15,71.70690155029297
2021-10-18,70.7947006225586
2021-10-19,70.3244857788086
2021-10-20,71.0530014038086
2021-10-21,70.85432434082031
2021-10-22,71.43143463134766
2021-10-25,71.09083557128906
2021-10-26,72.05587005615234
2021-10-27,71.80988311767578
2021-10-28,72.73705291748047
2021-10-29,72.08425903320312
2021-11-01,71.857177734375
2021-11-02,72.15994262695312
2021-11-03,73.1060562133789
2021-11-04,73.1249771118164
2021-11-05,73.64534759521484
2021-11-08,73.55072021484375
2021-11-09,73.84403228759766
2021-11-10,74.25086212158203
2021-11-11,73.78726196289062
2021-11-12,73.8250961303711
2021-11-15,74.08056640625
2021-11-16,73.68317413330078
2021-11-17,73.39936065673828
2021-11-18,72.27346801757812
2021-11-19,73.03982543945312
2021-11-22,73.38043212890625
2021-11-23,73.73047637939453
2021-11-24,73.56966400146484
2021-11-26,72.90736389160156
2021-11-29,73.5223388671875
2021-11-30,70.97730255126953
2021-12-01,71.32737731933594
2021-12-02,71.41251373291016
2021-12-03,72.63298797607422
2021-12-06,74.345458984375
2021-12-07,73.61695861816406
2021-12-08,73.56966400146484
2021-12-09,73.79671478271484
2021-12-10,75.18750762939453
2021-12-13,76.76750183105469
2021-12-14,77.70415496826172
2021-12-15,78.30020141601562
2021-12-16,79.42608642578125
2021-12-17,78.0353012084961
2021-12-20,78.07312774658203
2021-12-21,77.66630554199219
2021-12-22,78.01638793945312
2021-12-23,78.32859802246094
2021-12-27,79.38824462890625
2021-12-28,79.90859985351562
2021-12-29,80.3343505859375
2021-12-30,80.0315933227539
2021-12-31,80.74118041992188
2022-01-03,80.0315933227539
2022-01-04,80.29650115966797
2022-01-05,80.62763977050781
2022-01-06,80.09782409667969
2022-01-07,79.8896713256836
2022-01-10,79.19901275634766
2022-01-11,78.6881103515625
2022-01-12,78.40428924560547
2022-01-13,78.09204864501953
2022-01-14,78.9530258178711
2022-01-18,78.64081573486328
2022-01-19,79.53015899658203
2022-01-20,78.80165100097656
2022-01-21,79.59117889404297
2022-01-24,79.59117889404297
2022-01-25,77.75527954101562
2022-01-26,77.4223403930664
2022-01-27,78.66846466064453
2022-01-28,79.00141906738281
2022-01-31,78.43067169189453
2022-02-01,77.92649841308594
2022-02-02,78.76359558105469
2022-02-03,78.69701385498047
2022-02-04,77.16549682617188
2022-02-07,77.16549682617188
2022-02-08,76.9752426147461
2022-02-09,76.92768096923828
2022-02-10,75.83375549316406
2022-02-11,75.65300750732422
2022-02-14,75.39617919921875
2022-02-15,74.74932098388672
2022-02-16,74.52101135253906
2022-02-17,75.2915267944336
2022-02-18,75.67202758789062
2022-02-22,75.00615692138672
2022-02-23,74.80640411376953
2022-02-24,71.89557647705078
2022-02-25,74.33076477050781
2022-02-28,73.19876861572266
2022-03-01,72.33314514160156
2022-03-02,72.9609603881836
2022-03-03,73.62684631347656
2022-03-04,73.58879089355469
2022-03-07,72.94193267822266
2022-03-08,71.22018432617188
2022-03-09,71.8575210571289
2022-03-10,70.2403793334961
2022-03-11,70.17379760742188
2022-03-14,70.35453033447266
2022-03-15,71.80994415283203
2022-03-16,71.48652648925781
2022-03-17,71.46749114990234
2022-03-18,68.68032836914062
2022-03-21,70.5352783203125
2022-03-22,70.86820983886719
2022-03-23,70.04061889648438
2022-03-24,70.05965423583984
2022-03-25,71.13456726074219
2022-03-28,71.71482849121094
2022-03-29,72.48533630371094
2022-03-30,72.63754272460938
2022-03-31,72.13339233398438
2022-04-01,72.69461822509766
2022-04-04,72.85631561279297
2022-04-05,73.67440032958984
2022-04-06,74.96810150146484
2022-04-07,76.49961853027344
2022-04-08,76.33790588378906
2022-04-11,76.5186538696289
2022-04-12,77.05134582519531
2022-04-13,77.04183197021484
2022-04-14,76.9942626953125
2022-04-18,76.10961151123047
2022-04-19,76.68035125732422
2022-04-20,78.0103530883789
2022-04-21,78.55574035644531
2022-04-22,77.59890747070312
2022-04-25,78.27825927734375
2022-04-26,77.0439453125
2022-04-27,77.20661926269531
2022-04-28,77.7137451171875
2022-04-29,73.72374725341797
2022-05-02,71.93449401855469
2022-05-03,71.27426147460938
2022-05-04,73.67591857910156
2022-05-05,72.8051986694336
2022-05-06,73.52281951904297
2022-05-09,74.31698608398438
2022-05-10,73.36015319824219
2022-05-11,73.43670654296875
2022-05-12,74.2021713256836
2022-05-13,75.01547241210938
2022-05-16,75.33123779296875
2022-05-17,75.36949920654297
2022-05-18,72.44160461425781
2022-05-19,71.8770751953125
2022-05-20,71.88662719726562
2022-05-23,73.21662902832031
2022-05-24,74.74757385253906
2022-05-25,74.14476013183594
2022-05-26,74.78583526611328
2022-05-27,75.45561218261719
2022-05-31,75.40776824951172
2022-06-01,74.82410430908203
2022-06-02,75.84790802001953
2022-06-03,75.52259063720703
2022-06-06,75.37906646728516
2022-06-07,75.31208801269531
2022-06-08,74.50836181640625
2022-06-09,73.53238677978516
2022-06-10,73.32188415527344
2022-06-13,72.90087127685547
2022-06-14,71.06376647949219
2022-06-15,70.9585189819336
2022-06-16,70.72887420654297
2022-06-17,70.84369659423828
2022-06-21,73.15922546386719
2022-06-22,74.54663848876953
2022-06-23,75.4747543334961
2022-06-24,76.90999603271484
2022-06-27,76.43158721923828
2022-06-28,75.4747543334961
2022-06-29,76.23065185546875
2022-06-30,76.68035125732422
2022-07-01,78.43135070800781
2022-07-05,77.50323486328125
2022-07-06,77.52236938476562
2022-07-07,76.02970123291016
2022-07-08,74.96763610839844
2022-07-11,75.3025131225586
2022-07-12,74.92935943603516
2022-07-13,75.044189453125
2022-07-14,74.95806884765625
2022-07-15,74.77626037597656
2022-07-18,73.79072570800781
2022-07-19,74.18302917480469
2022-07-20,72.78717041015625
2022-07-21,73.31663513183594
2022-07-22,74.57771301269531
2022-07-25,74.94352722167969
2022-07-26,75.59815216064453
2022-07-27,75.81956481933594
2022-07-28,76.23350524902344
2022-07-29,75.80030822753906
2022-08-01,78.07218933105469
2022-08-02,77.2635726928711
2022-08-03,78.38988494873047
2022-08-04,77.87002563476562
2022-08-05,77.42720794677734
2022-08-08,77.79302215576172
2022-08-09,77.0710220336914
2022-08-10,77.34056854248047
2022-08-11,76.53192901611328
2022-08-12,77.29244232177734
2022-08-15,78.20697784423828
2022-08-16,79.11188507080078
2022-08-17,79.10224914550781
2022-08-18,79.7568588256836
2022-08-19,80.16118621826172
2022-08-22,78.90009307861328
2022-08-23,77.93742370605469
2022-08-24,77.97593688964844
2022-08-25,77.89891815185547
2022-08-26,76.25276947021484
2022-08-29,76.61856842041016
2022-08-30,76.05059814453125
2022-08-31,75.29010009765625
2022-09-01,76.82073211669922
2022-09-02,75.25157928466797
2022-09-06,74.86650848388672
2022-09-07,75.61740112304688
2022-09-08,74.93390655517578
2022-09-09,75.1168212890625
2022-09-12,74.99166870117188
2022-09-13,72.61387634277344
2022-09-14,73.2203598022461
2022-09-15,72.42135620117188
2022-09-16,72.86418151855469
2022-09-19,73.1722412109375
2022-09-20,72.35396575927734
2022-09-21,72.10366821289062
2022-09-22,72.54649353027344
2022-09-23,72.71015167236328
2022-09-26,72.19994354248047
2022-09-27,69.87028503417969
2022-09-28,70.1879653930664
2022-09-29,69.09053039550781
2022-09-30,67.62727355957031
2022-10-03,68.45516204833984
2022-10-04,69.15791320800781
2022-10-05,68.45516204833984
2022-10-06,66.9630355834961
2022-10-07,66.41431427001953
2022-10-10,65.92335510253906
2022-10-11,66.47207641601562
2022-10-12,66.52984619140625
2022-10-13,68.3589096069336
2022-10-14,68.66695404052734
2022-10-17,69.44671630859375
2022-10-18,70.19758605957031
2022-10-19,69.07127380371094
2022-10-20,68.07318878173828
2022-10-21,69.2553939819336
2022-10-24,69.78834533691406
2022-10-25,70.50540924072266
2022-10-26,71.15465545654297
2022-10-27,70.96086120605469
2022-10-28,72.32716369628906
2022-10-31,71.55194854736328
2022-11-01,71.45504760742188
2022-11-02,70.51509857177734
2022-11-03,70.1468734741211
2022-11-04,70.9220962524414
2022-11-07,71.22248840332031
2022-11-08,71.52288055419922
2022-11-09,71.1837158203125
2022-11-10,72.64693450927734
2022-11-11,72.25933074951172
2022-11-14,72.25933074951172
2022-11-15,72.98609161376953
2022-11-16,73.65471649169922
2022-11-17,72.9570083618164
2022-11-18,74.09076690673828
2022-11-21,74.53651428222656
2022-11-22,74.00355529785156
2022-11-23,74.54619598388672
2022-11-25,74.39115905761719
2022-11-28,74.01324462890625
2022-11-29,73.61595153808594
2022-11-30,75.07916259765625
2022-12-01,75.3407974243164
2022-12-02,75.74777221679688
2022-12-05,74.73031616210938
2022-12-06,74.81752014160156
2022-12-07,75.1469955444336
2022-12-08,75.71871185302734
2022-12-09,75.36985778808594
2022-12-12,76.17414093017578
2022-12-13,76.30979919433594
2022-12-14,76.88151550292969
2022-12-15,75.46676635742188
2022-12-16,75.35047912597656
2022-12-19,75.56367492675781
2022-12-20,75.28264617919922
2022-12-21,76.54237365722656
2022-12-22,76.82337951660156
2022-12-23,76.98810577392578
2022-12-27,77.46293640136719
2022-12-28,76.37763977050781
2022-12-29,76.91059112548828
2022-12-30,76.34856414794922
2023-01-03,76.67802429199219
2023-01-04,77.17223358154297
2023-01-05,76.10630798339844
2023-01-06,77.50169372558594
2023-01-09,76.29043579101562
2023-01-10,75.88343811035156
2023-01-11,74.74000549316406
2023-01-12,74.45899200439453
2023-01-13,75.43769073486328
2023-01-17,75.80592346191406
2023-01-18,73.95510864257812
2023-01-19,72.86979675292969
2023-01-20,73.5621337890625
2023-01-23,73.62063598632812
2023-01-24,74.04969787597656
2023-01-25,73.88391876220703
2023-01-26,73.64989471435547
2023-01-27,69.80796813964844
2023-01-30,71.06585693359375
2023-01-31,72.67478942871094
2023-02-01,73.12333679199219
2023-02-02,71.89471435546875
2023-02-03,72.44076538085938
2023-02-06,72.01171112060547
2023-02-07,71.62167358398438
2023-02-08,71.53392028808594
2023-02-09,71.0171127319336
2023-02-10,71.71918487548828
2023-02-13,71.93370056152344
2023-02-14,71.35839080810547
2023-02-15,70.89034271240234
2023-02-16,70.9585952758789
2023-02-17,72.66503143310547
2023-02-21,72.41150665283203
2023-02-22,72.55778503417969
2023-02-23,71.82645416259766
2023-02-24,71.30963897705078
2023-02-27,71.76793670654297
2023-02-28,71.47540283203125
2023-03-01,70.74407958984375
2023-03-02,71.93370056152344
2023-03-03,72.10922241210938
2023-03-06,71.46565246582031
2023-03-07,69.72021484375
2023-03-08,70.16876220703125
2023-03-09,69.5641860961914
2023-03-10,69.53495025634766
2023-03-13,69.72021484375
2023-03-14,70.44178771972656
2023-03-15,71.11461639404297
2023-03-16,71.13411712646484
2023-03-17,70.40278625488281
2023-03-20,71.2608871459961
2023-03-21,70.57830047607422
2023-03-22,70.33452606201172
2023-03-23,70.04199981689453
2023-03-24,71.59242248535156
2023-03-27,72.30424499511719
2023-03-28,72.64553833007812
2023-03-29,72.61628723144531
2023-03-30,73.37686157226562
2023-03-31,73.27936553955078
2023-04-03,73.48412322998047
2023-04-04,72.86981201171875
2023-04-05,73.48412322998047
2023-04-06,73.7961654663086
2023-04-10,73.26959991455078
2023-04-11,74.12769317626953
2023-04-12,74.1569595336914
2023-04-13,74.61524963378906
2023-04-14,73.7083969116211
2023-04-17,73.81565856933594
2023-04-18,73.6596450805664
2023-04-19,73.7083969116211
2023-04-20,74.93507385253906
2023-04-21,75.36686706542969
2023-04-24,76.42670440673828
2023-04-25,76.25006866455078
2023-04-26,75.24909973144531
2023-04-27,76.47577667236328
2023-04-28,78.3108901977539
2023-05-01,79.18428039550781
2023-05-02,79.34129333496094
2023-05-03,79.74364471435547
2023-05-04,79.28240966796875
2023-05-05,79.08613586425781
2023-05-08,79.24314880371094
2023-05-09,79.13520812988281
2023-05-10,79.58662414550781
2023-05-11,80.10673522949219
2023-05-12,80.45021057128906
2023-05-15,79.56700134277344
2023-05-16,79.26277923583984
2023-05-17,79.00763702392578
2023-05-18,78.20294189453125
2023-05-19,78.43846130371094
2023-05-22,76.94682312011719
2023-05-23,75.60238647460938
2023-05-24,75.05284118652344
2023-05-25,74.8271255493164
2023-05-26,74.78787231445312
2023-05-30,73.55138397216797
2023-05-31,72.99202728271484
2023-06-01,73.50232696533203
2023-06-02,74.63086700439453
2023-06-05,74.8271255493164
2023-06-06,74.15982055664062
2023-06-07,73.79671478271484
2023-06-08,74.31684112548828
2023-06-09,74.42477416992188
2023-06-12,74.30702209472656
2023-06-13,73.83597564697266
2023-06-14,74.01261138916016
2023-06-15,75.36686706542969
2023-06-16,76.32857513427734
2023-06-20,76.17156982421875
2023-06-21,76.17156982421875
2023-06-22,76.54447174072266
2023-06-23,75.67108154296875
2023-06-26,75.20985412597656
2023-06-27,74.31684112548828
2023-06-28,74.49347686767578
2023-06-29,75.13134002685547
2023-06-30,75.60238647460938
2023-07-03,75.70052337646484
2023-07-05,75.4355697631836
2023-07-06,75.47481536865234
2023-07-07,74.179443359375
2023-07-10,74.47384643554688
2023-07-11,73.9831771850586
2023-07-12,73.75747680664062
2023-07-13,74.44440460205078
2023-07-14,75.01358795166016
2023-07-17,74.16963195800781
2023-07-18,74.42477416992188
2023-07-19,74.99395751953125
2023-07-20,76.0407485961914
2023-07-21,76.22838592529297
2023-07-24,76.51477813720703
2023-07-25,76.87028503417969
2023-07-26,76.9887924194336
2023-07-27,76.14938354492188
2023-07-28,74.67794036865234
2023-07-31,75.30996704101562
2023-08-01,75.68524169921875
2023-08-02,76.57402801513672
2023-08-03,75.62598419189453
2023-08-04,75.30996704101562
2023-08-07,75.94200134277344
2023-08-08,75.37910461425781
2023-08-09,75.53710174560547
2023-08-10,75.32971954345703
2023-08-11,75.94200134277344
2023-08-14,74.77670288085938
2023-08-15,73.71015167236328
2023-08-16,73.49288940429688
2023-08-17,73.078125
2023-08-18,73.62127685546875
2023-08-21,72.88062286376953
2023-08-22,72.59423065185547
2023-08-23,72.59423065185547
2023-08-24,72.40660095214844
2023-08-25,72.91024780273438
2023-08-28,72.72261047363281
2023-08-29,72.55473327636719
2023-08-30,72.92999267578125
2023-08-31,72.55473327636719
2023-09-01,72.35721588134766
2023-09-05,71.87332153320312
2023-09-06,71.41905212402344
2023-09-07,72.64360809326172
2023-09-08,72.2880859375
2023-09-11,73.02873992919922
2023-09-12,71.6165542602539
2023-09-13,71.92269897460938
2023-09-14,72.54485321044922
2023-09-15,72.25846099853516
2023-09-18,72.92999267578125
2023-09-19,72.30784606933594
2023-09-20,72.84111785888672
2023-09-21,72.30784606933594
2023-09-22,71.54743194580078
2023-09-25,71.32030487060547
2023-09-26,71.10304260253906
2023-09-27,70.16487884521484
2023-09-28,70.421630859375
2023-09-29,70.22412872314453
2023-10-02,69.87848663330078
2023-10-03,69.59210205078125
2023-10-04,69.68097686767578
2023-10-05,68.40704345703125
2023-10-06,68.5650634765625
2023-10-09,68.44654846191406
2023-10-10,68.62430572509766
2023-10-11,68.01203155517578
2023-10-12,68.8316879272461
2023-10-13,70.06611633300781
2023-10-16,71.25116729736328
2023-10-17,71.18204498291016
2023-10-18,72.15970611572266
2023-10-19,72.2782211303711
2023-10-20,72.83489227294922
2023-10-23,71.53266906738281
2023-10-24,72.40744018554688
2023-10-25,72.97406768798828
2023-10-26,72.6460189819336
2023-10-27,71.36368560791016
2023-10-30,73.44126892089844
2023-10-31,74.67391204833984
2023-11-01,74.48503875732422
2023-11-02,74.3558120727539
2023-11-03,74.37568664550781
2023-11-06,74.76337432861328
2023-11-07,74.78325653076172
2023-11-08,74.7931900024414
2023-11-09,74.69378662109375
2023-11-10,74.98206329345703
2023-11-13,75.49897766113281
2023-11-14,76.20476531982422
2023-11-15,75.0218276977539
2023-11-16,75.52880096435547
2023-11-17,75.13117980957031
2023-11-20,75.0218276977539
2023-11-21,76.11529541015625
2023-11-22,76.82107543945312
2023-11-24,76.85089874267578
2023-11-27,76.65209197998047
2023-11-28,77.40757751464844
2023-11-29,77.41751098632812
2023-11-30,78.30223083496094
2023-12-01,78.2326431274414
2023-12-04,78.510986328125
2023-12-05,77.21870422363281
2023-12-06,77.00994873046875
2023-12-07,77.15906524658203
2023-12-08,76.71173095703125
2023-12-11,77.17893981933594
2023-12-12,78.12329864501953
2023-12-13,78.91854858398438
2023-12-14,75.81707763671875
2023-12-15,76.52286529541016
2023-12-18,77.59644317626953
2023-12-19,77.66603088378906
2023-12-20,76.89066314697266
2023-12-21,77.44734191894531
2023-12-22,78.0338363647461
2023-12-26,78.57062530517578
2023-12-27,78.6302719116211
2023-12-28,78.76943969726562
2023-12-29,79.23664855957031
2024-01-02,80.24065399169922
2024-01-03,79.41558074951172
2024-01-04,79.86290740966797
2024-01-05,79.50505065917969
2024-01-08,79.92255401611328
2024-01-09,80.34005737304688
2024-01-10,80.07166290283203
2024-01-11,80.08159637451172
2024-01-12,80.42952728271484
2024-01-16,79.95237731933594
2024-01-17,80.4792251586914
2024-01-18,80.3499984741211
2024-01-19,80.37999725341797
2024-01-22,80.41999816894531
2024-01-23,81.41000366210938
2024-01-24,80.08000183105469
2024-01-25,81.22000122070312
2024-01-26,82.83000183105469
2024-01-29,83.95999908447266
2024-01-30,84.2300033569336
2024-01-31,84.19999694824219
2024-02-01,86.12000274658203
2024-02-02,84.62000274658203
2024-02-05,84.08999633789062
2024-02-06,83.73999786376953
2024-02-07,83.86000061035156
2024-02-08,84.26000213623047
2024-02-09,83.45999908447266
2024-02-12,83.55999755859375
2024-02-13,83.47000122070312
2024-02-14,83.70999908447266
2024-02-15,83.56999969482422
2024-02-16,83.4800033569336
,
